a_109_eoa2		1	0				1	0:ir:us_an_apr_39_v1 1:ir:ir_tracker 2:ir:us_flir
a_10a_early			0				0	0:ir:ir_tracker 1:ir:us_an_alr_69
a_10a_late			0				0	0:ir:ir_tracker 1:ir:us_an_alr_69
a_10c			0				0	0:ir:laserdesignatorsensor 1:ir:us_an_alr_69
a_129_a		1	0				0	0:ir:ir_tracker 1:ir:it_elt_156 2:ir:us_flir 3:ir:it_ralm-101
a_129_cbt		1	0				0	0:ir:ir_tracker 1:ir:it_elt_156 2:ir:us_flir 3:ir:it_ralm-101 4:ir:laserbeamridingsensor
a_129_d		1	0				0	0:ir:ir_tracker 1:ir:it_elt_156 2:ir:us_an_aar_60 3:ir:us_flir 4:ir:it_ralm-101
a_4e_early		1	0				1	0:ir:us_an_apr_25
a_4e_early_iaf		1	0				1	0:ir:us_an_apr_25
a_4e_late_iaf		1	0				1	0:ir:us_an_apr_25
a_4h		1	0				1	0:ir:us_an_apr_25
a_4n		1	0				0	0:ir:us_an_alr_45f_v
a_5c		1	0				0	0:ir:cn_kj_8602
a_6e_tram		1	0				0	0:ir:ir_tracker_tgp 1:ir:us_an_alr_67 2:ir:laserdesignatorsensor
a_7d		1	0				0	0:ir:us_an_alr_46_v
a_7e		1	0				0	0:ir:us_an_alr_45f_v
a_7e_thailand		1	0				0	0:ir:us_an_alr_45f_v
a_7k		1	0				0	0:ir:us_an_alr_46
a2d		1	1	0	us_an_aps_19	radar_dm	0	0:radar:us_an_aps_19
ah_1f			0				1	0:ir:us_an_apr_39_v1 1:ir:us_an_avr-2
ah_1f_event			0				1	0:ir:us_an_apr_39_v1 1:ir:us_an_avr-2
ah_1f_iaf			0				1	0:ir:us_an_apr_39_v1 1:ir:us_an_avr-2 2:ir:us_an_aar_47
ah_1q_iaf			0				1	0:ir:us_an_apr_39_v1
ah_1s			0				1	0:ir:us_an_apr_39_v1
ah_1s_early			0				1	0:ir:us_an_apr_39_v1
ah_1s_late			0				1	0:ir:us_an_apr_39_v1
ah_1w			0				1	0:ir:ir_tracker 1:ir:us_an_apr_39a_v2 2:ir:us_flir 3:ir:us_an_aar_47a_v2_lws
ah_1w_china			0				1	0:ir:ir_tracker 1:ir:us_an_apr_39a_v2 2:ir:us_flir 3:ir:us_an_aar_47a_v2_lws
ah_1z			0				1	0:ir:ir_tracker 1:ir:us_an_apr_39b_v2 2:ir:us_flir
ah_2_rooivalk			0				1	0:ir:ir_tracker 1:ir:us_an_apr_39a_v1 2:ir:us_flir 3:ir:us_an_avr-2
ah_56a		1	0				0	0:ir:us_flir 1:ir:laserbeamridingsensor
ah_60_iaf			0				1	0:ir:ir_tracker 1:ir:us_an_apr_39a_v1 2:ir:us_flir 3:ir:us_an_avr-2
ah_64a		1	0				1	0:ir:ir_tracker 1:ir:us_an_apr_39a_v1 2:ir:us_flir 3:ir:us_an_avr-2
ah_64a_greece_usa		1	0				1	0:ir:ir_tracker 1:ir:us_an_apr_39a_v1 2:ir:us_flir 3:ir:us_an_avr-2
ah_64a_iaf		1	0				1	0:ir:ir_tracker 1:ir:us_an_apr_39a_v1 2:ir:us_flir 3:ir:us_an_avr-2 4:ir:us_an_aar_47
ah_64a_killstreak		1	0				1	0:ir:ir_tracker 1:ir:us_an_apr_39a_v1 2:ir:us_flir 3:ir:us_an_avr-2
ah_64a_peten		1	0				1	0:ir:ir_tracker 1:ir:us_an_apr_39a_v1 2:ir:us_flir 3:ir:us_an_avr-2
ah_64a_peten_iaf		1	0				1	0:ir:ir_tracker 1:ir:us_an_apr_39a_v1 2:ir:us_flir 3:ir:us_an_avr-2
ah_64d	1	1	1	0	us_an_apg_78	radar_dm	1	0:radar:us_an_apg_78 1:ir:ir_tracker 2:ir:us_an_apr_39_v4_apr_48 3:ir:us_flir 4:ir:us_an_avr-2
ah_64d_i_saraph	1	1	1	0	us_an_apg_78	radar_dm	1	0:radar:us_an_apg_78 1:ir:ir_tracker 2:ir:us_an_apr_39_v4_apr_48 3:ir:us_flir 4:ir:us_an_avr-2 5:ir:us_an_aar_47
ah_64d_japan	1	1	1	0	us_an_apg_78	radar_dm	1	0:radar:us_an_apg_78 1:ir:ir_tracker 2:ir:us_an_apr_39_v4_apr_48 3:ir:us_flir
ah_64d_lightweight_japan		1	0				1	0:ir:ir_tracker 1:ir:us_an_apr_39_v4_apr_48 2:ir:us_flir
ah_64d_netherlands		1	0				1	0:ir:ir_tracker 1:ir:us_an_apr_39_v4_apr_48 2:ir:us_flir 3:ir:us_an_avr-2
ah_64e	1	1	1	0	us_an_apg_78_v6	radar_dm	1	0:radar:us_an_apg_78_v6 1:ir:ir_tracker 2:ir:us_an_apr_39_v4_apr_48 3:ir:us_flir 4:ir:us_an_avr-2
ah_64e_britain	1	1	1	0	us_an_apg_78_v6	radar_dm	1	0:radar:us_an_apg_78_v6 1:ir:ir_tracker 2:ir:uk_sky_guardian_200d_apr_48 3:ir:us_flir 4:ir:uk_s1223
ah_64e_china	1	1	1	0	us_an_apg_78	radar_dm	1	0:radar:us_an_apg_78 1:ir:ir_tracker 2:ir:us_an_apr_39_v4_apr_48 3:ir:us_flir 4:ir:us_an_avr-2
ah_64e_indonesia	1	1	1	0	us_an_apg_78	radar_dm	1	0:radar:us_an_apg_78 1:ir:ir_tracker 2:ir:us_an_apr_39_v4_apr_48 3:ir:us_flir 4:ir:us_an_avr-2
ah_64e_netherlands	1	1	1	0	us_an_apg_78_v6	radar_dm	1	0:radar:us_an_apg_78_v6 1:ir:ir_tracker 2:ir:us_an_apr_39_v4_apr_48 3:ir:us_flir 4:ir:us_an_avr-2
ah_6m			0				1	0:ir:ir_tracker_360 1:ir:us_flir 2:ir:us_an_apr_39a_v1
ah_mk1	1	1	1	0	us_an_apg_78	radar_dm	1	0:radar:us_an_apg_78 1:ir:ir_tracker 2:ir:us_an_apr_39_v4_apr_48 3:ir:us_flir 4:ir:laserbeamridingsensor
ahs		1	0				1	0:ir:ir_tracker 1:ir:us_an_apr_39a_v1 2:ir:us_flir 3:ir:us_an_avr-2
amx	1	1	1	0	il_el_m_2001b	radar_dm	0	0:radar:il_el_m_2001b 1:ir:us_an_alr_67 2:ir:laserdesignatorsensor 3:ir:ir_tracker_tgp
amx_a_1a_brazil	1	1	1	0	il_el_m_2001b	radar_dm	0	0:radar:il_el_m_2001b 1:ir:us_an_alr_67 2:ir:laserdesignatorsensor 3:ir:ir_tracker_tgp
av_8b_na		1	0				0	0:ir:us_an_alr_67 1:ir:laserdesignatorsensor
av_8b_plus	1	1	1	0	us_an_apg_65q	radar_dm	0	0:radar:us_an_apg_65q 1:ir:us_an_alr_67 2:ir:laserdesignatorsensor
av_8b_plus_italy	1	1	1	0	us_an_apg_65q	radar_dm	0	0:radar:us_an_apg_65q 1:ir:us_an_alr_67 2:ir:laserdesignatorsensor
av_8c		1	0				0	0:ir:us_an_alr_45f_v
av_8s_late_thailand		1	0				0	0:ir:uk_sky_guardian_200
av_8s_thailand		1	0				0	0:ir:uk_sky_guardian_200
b_52h		1	0				0	0:ir:us_an_alr_46_v3
b_57b_japan_killstreak			0				0	0:ir:us_an_aps_54
b_57b_killstreak			0				0	0:ir:us_an_aps_54
b_66b		1	0				0	0:ir:us_an_aps_54
b-57b			0				0	0:ir:us_an_aps_54
bf_110g_4		1	1	0	de_fug_220	radar_dm	0	0:radar:de_fug_220
bf_110g_4_hungary		1	1	0	de_fug_220	radar_dm	0	0:radar:de_fug_220
bo_105cb2			0				1	0:ir:us_an_apr_39_v1
bo_105pah1			0				1	0:ir:us_an_apr_39_v1
bo_105pah1_a1			0				1	0:ir:us_an_apr_39_v1
buccaneer_s1		1	1	1	uk_ari_5390	radar_dm	1	0:ir:us_an_apr_36 1:radar:uk_ari_5390
buccaneer_s2		1	1	1	uk_ari_5390	radar_dm	0	0:rwr:uk_ari_18228 1:radar:uk_ari_5390
buccaneer_s2b		1	1	0	uk_ari_5390	radar_dm	0	0:radar:uk_ari_5390 1:rwr:uk_ari_18228_10 2:ir:tv_tracker_tgp 3:ir:laserdesignatorsensor
cf_188a_canada	1	1	1	0	us_an_apg_65	radar_dm	0	0:radar:us_an_apg_65 1:ir:us_an_alr_67 2:ir:ir_tracker_tgp 3:ir:laserdesignatorsensor
dh_110_sea_vixen		1	1	0	uk_ai_mk18	radar_dm	1	0:radar:uk_ai_mk18 1:ir:us_an_apr_36
dji_mavic_2		1	0				0	0:ir:ir_tracker_360
do_217j_2		1	1	0	de_fug_202	radar_dm	0	0:radar:de_fug_202
do_217n_1		1	1	0	de_fug_202	radar_dm	0	0:radar:de_fug_202
do_217n_2		1	1	0	de_fug_220	radar_dm	0	0:radar:de_fug_220
ef_2000_aesa	1	1	1	0	uk_captor_ecrs_1_pirate	radar_dm	2	0:radar:uk_captor_ecrs_1_pirate 1:radar:us_harm_c_esm 2:ir:laserdesignatorsensor 3:ir:laserbeamridingsensor 4:ir:ir_tracker_tgp 5:ir:uk_praetorian_rwr
ef_2000_block_10	1	1	1	0	uk_captor_m	radar_dm	2	0:radar:uk_captor_m 1:radar:us_harm_c_esm 2:ir:laserdesignatorsensor 3:ir:laserbeamridingsensor 4:ir:optic_tracker_tgp 5:ir:uk_praetorian_rwr
ef_2000_fgr4	1	1	1	0	uk_captor_m_pirate	radar_dm	2	0:radar:uk_captor_m_pirate 1:radar:us_harm_c_esm 2:ir:laserdesignatorsensor 3:ir:laserbeamridingsensor 4:ir:ir_tracker_tgp 5:ir:uk_praetorian_rwr 6:ir:uk_praetorian_lws
ef_2000_typhoon_aesa	1	1	1	0	uk_captor_ecrs_2_pirate	radar_dm	2	0:radar:uk_captor_ecrs_2_pirate 1:radar:us_harm_c_esm 2:ir:laserdesignatorsensor 3:ir:laserbeamridingsensor 4:ir:ir_tracker_tgp 5:ir:uk_praetorian_rwr 6:ir:uk_praetorian_lws
ef_2000a	1	1	1	0	uk_captor_m_pirate	radar_dm	2	0:radar:uk_captor_m_pirate 1:radar:us_harm_c_esm 2:ir:laserdesignatorsensor 3:ir:laserbeamridingsensor 4:ir:ir_tracker_tgp 5:ir:uk_praetorian_rwr
ef_2000a_aesa	1	1	1	0	uk_captor_ecrs_2_pirate	radar_dm	2	0:radar:uk_captor_ecrs_2_pirate 1:radar:us_harm_c_esm 2:ir:laserdesignatorsensor 3:ir:laserbeamridingsensor 4:ir:ir_tracker_tgp 5:ir:uk_praetorian_rwr
etndard_4m		1	1	0	fr_draa_3d	radar_dm	0	0:radar:fr_draa_3d
f_100f_china		1	1	0	us_an_apg_30a	radar_dm	1	0:radar:us_an_apg_30a 1:ir:us_an_apr_25
f_101c		1	1	0	us_an_apg_37	radar_dm	0	0:radar:us_an_apg_37 1:ir:us_an_aps_54
f_105d_japan_killstreak	1	1	1	0	us_an_asg_19	radar_dm	1	0:radar:us_an_asg_19 1:ir:us_an_apr_25
f_105d_killstreak	1	1	1	0	us_an_asg_19	radar_dm	1	0:radar:us_an_asg_19 1:ir:us_an_apr_25
f_106a_1972	1	1	1	0	us_ma_1	radar_dm	0	0:radar:us_ma_1
f_111a		1	1	0	us_an_apq_113	radar_dm	0	0:radar:us_an_apq_113 1:ir:us_an_aps_109 2:ir:us_an_aar_32
f_111c_raaf	1	1	1	0	us_an_apq_169	radar_dm	1	0:radar:us_an_apq_169 1:ir:us_an_alr_2002_rwr 2:ir:us_an_alr_2002_mlws
f_111f	1	1	1	0	us_an_apq_169	radar_dm	1	0:radar:us_an_apq_169 1:ir:us_an_alr_2002_rwr 2:ir:us_an_alr_2002_mlws
f_111f_iaf_killstreak	1	1	1	0	us_an_apq_169	radar_dm	1	0:radar:us_an_apq_169 1:ir:us_an_alr_2002_rwr 2:ir:us_an_alr_2002_mlws
f_111f_japan_killstreak	1	1	1	0	us_an_apq_169	radar_dm	1	0:radar:us_an_apq_169 1:ir:us_an_alr_2002_rwr 2:ir:us_an_alr_2002_mlws
f_111f_killstreak	1	1	1	0	us_an_apq_169	radar_dm	1	0:radar:us_an_apq_169 1:ir:us_an_alr_2002_rwr 2:ir:us_an_alr_2002_mlws
f_117			0				0	0:ir:ir_tracker_tgp 1:ir:laserdesignatorsensor
f_14a_early	1	1	1	0	us_an_awg_9	radar_dm	0	0:radar:us_an_awg_9 1:ir:us_an_alr_45v
f_14a_iriaf	1	1	1	0	us_an_awg_9	radar_dm	0	0:radar:us_an_awg_9 1:ir:us_an_alr_45v
f_14b	1	1	1	0	us_an_awg_9_tiseo	radar_dm	0	0:radar:us_an_awg_9_tiseo 1:ir:us_an_alr_67 2:ir:laserdesignatorsensor
f_14d	1	1	1	0	us_an_apg_71	radar_dm	0	0:radar:us_an_apg_71 1:ir:us_an_alr_67 2:ir:laserdesignatorsensor
f_15a	1	1	1	0	us_an_apg_63_psp	radar_dm	0	0:radar:us_an_apg_63_psp 1:ir:us_an_alr_56c
f_15a_iaf	1	1	1	0	us_an_apg_63	radar_dm	0	0:radar:us_an_apg_63 1:ir:us_an_alr_56a
f_15c_baz_msip	1	1	1	0	us_an_apg_63_baz	radar_dm	0	0:radar:us_an_apg_63_baz 1:ir:us_an_alr_56c
f_15c_golden_eagle	1	1	1	0	us_an_apg_63_v_3	radar_dm	0	0:radar:us_an_apg_63_v_3 1:ir:us_an_alr_56c 2:ir:laserdesignatorsensor 3:ir:ir_tracker_tgp
f_15c_msip2	1	1	1	0	us_an_apg_63_v_1	radar_dm	0	0:radar:us_an_apg_63_v_1 1:ir:us_an_alr_56c
f_15e	1	1	1	0	us_an_apg_70	radar_dm	0	0:radar:us_an_apg_70 1:ir:us_an_alr_56c 2:ir:laserdesignatorsensor 3:ir:ir_tracker_tgp
f_15i_raam	1	1	1	0	us_an_apg_70i	radar_dm	0	0:radar:us_an_apg_70i 1:ir:us_an_alr_56c 2:ir:laserdesignatorsensor
f_15j	1	1	1	0	us_an_apg_63_psp	radar_dm	1	0:radar:us_an_apg_63_psp 1:ir:jp_j_apr_4
f_15j_kai	1	1	1	0	us_an_apg_63_v_1	radar_dm	1	0:radar:us_an_apg_63_v_1 1:ir:jp_j_apr_4
f_16a_block_10	1	1	1	0	us_an_apg_66	radar_dm	0	0:radar:us_an_apg_66 1:ir:us_an_alr_69
f_16a_block_10_iaf	1	1	1	0	us_an_apg_66	radar_dm	0	0:radar:us_an_apg_66 1:ir:us_an_alr_69
f_16a_block_10_netz_mod	1	1	1	0	us_an_apg_66	radar_dm	0	0:radar:us_an_apg_66 1:ir:us_an_alr_69
f_16a_block_10_norway	1	1	1	0	us_an_apg_66	radar_dm	0	0:radar:us_an_apg_66 1:ir:us_an_alr_69
f_16a_block_15_adf	1	1	1	0	us_an_apg_66_v_3	radar_dm	0	0:radar:us_an_apg_66_v_3 1:ir:us_an_alr_69
f_16a_block_15_adf_britain_killstreak	1	1	1	0	us_an_apg_66_v_3	radar_dm	0	0:radar:us_an_apg_66_v_3 1:ir:us_an_alr_69
f_16a_block_15_adf_france_killstreak	1	1	1	0	us_an_apg_66_v_3	radar_dm	0	0:radar:us_an_apg_66_v_3 1:ir:us_an_alr_69
f_16a_block_15_adf_germany_killstreak	1	1	1	0	us_an_apg_66_v_3	radar_dm	0	0:radar:us_an_apg_66_v_3 1:ir:us_an_alr_69
f_16a_block_15_adf_italy	1	1	1	0	us_an_apg_66_v_3	radar_dm	0	0:radar:us_an_apg_66_v_3 1:ir:us_an_alr_69
f_16a_block_15_adf_italy_killstreak	1	1	1	0	us_an_apg_66_v_3	radar_dm	0	0:radar:us_an_apg_66_v_3 1:ir:us_an_alr_69
f_16a_block_15_adf_killstreak	1	1	1	0	us_an_apg_66_v_3	radar_dm	0	0:radar:us_an_apg_66_v_3 1:ir:us_an_alr_69
f_16a_block_15_adf_sweden_killstreak	1	1	1	0	us_an_apg_66_v_3	radar_dm	0	0:radar:us_an_apg_66_v_3 1:ir:us_an_alr_69
f_16a_block_15_belgium	1	1	1	0	us_an_apg_66_v_1	radar_dm	0	0:radar:us_an_apg_66_v_1 1:ir:us_an_alr_69
f_16a_block_15_ocu_belgium	1	1	1	0	us_an_apg_66_v_3	radar_dm	0	0:radar:us_an_apg_66_v_3 1:ir:us_an_alr_69 2:ir:laserdesignatorsensor 3:ir:ir_tracker_tgp
f_16a_block_15_ocu_thailand	1	1	1	0	us_an_apg_66s	radar_dm	0	0:radar:us_an_apg_66s 1:ir:us_an_alr_69 2:ir:laserdesignatorsensor 3:ir:ir_tracker_tgp
f_16a_block_20_mlu	1	1	1	0	us_an_apg_66_v_3	radar_dm	0	0:radar:us_an_apg_66_v_3 1:ir:us_an_alr_56m
f_16a_block_20_mlu_killstreak	1	1	1	0	us_an_apg_66_v_3	radar_dm	0	0:radar:us_an_apg_66_v_3 1:ir:us_an_alr_56m
f_16a_block_5_netherlands	1	1	1	0	us_an_apg_66	radar_dm	0	0:radar:us_an_apg_66 1:ir:us_an_alr_69
f_16a_block_72v_china	1	1	1	0	us_an_apg_83	radar_dm	1	0:radar:us_an_apg_83 1:radar:us_an_asq_213_esm 2:ir:us_an_alr_56m 3:ir:laserdesignatorsensor
f_16aj	1	1	1	0	us_an_apg_66_v_1	radar_dm	0	0:radar:us_an_apg_66_v_1 1:ir:us_an_alr_69
f_16am_block_15_mlu_belgium	1	1	1	0	us_an_apg_66_v_3	radar_dm	0	0:radar:us_an_apg_66_v_3 1:ir:bl_carapace 2:ir:laserdesignatorsensor
f_16am_block_20_mlu_netherlands	1	1	1	0	us_an_apg_66_v_2_hms	radar_dm	0	0:radar:us_an_apg_66_v_2_hms 1:ir:us_an_alr_56m 2:ir:laserdesignatorsensor
f_16am_block_20_mlu_norway	1	1	1	0	us_an_apg_66_v_2_hms	radar_dm	0	0:radar:us_an_apg_66_v_2_hms 1:ir:us_an_alr_56m 2:ir:laserdesignatorsensor
f_16c_block_40_barak_2	1	1	1	0	us_an_apg_68_v_5	radar_dm	1	0:radar:us_an_apg_68_v_5 1:radar:us_an_asq_213_esm 2:ir:us_an_alr_56m 3:ir:ir_tracker_tgp 4:ir:laserdesignatorsensor
f_16c_block_50	1	1	1	0	us_an_apg_68_v_7	radar_dm	1	0:radar:us_an_apg_68_v_7 1:radar:us_an_asq_213_esm 2:ir:us_an_alr_56m 3:ir:laserdesignatorsensor
f_16c_block_50_missile_test	1	1	1	0	us_an_apg_68_v_7	radar_dm	1	0:radar:us_an_apg_68_v_7 1:radar:us_an_asq_213_esm 2:ir:us_an_alr_56m 3:ir:laserdesignatorsensor
f_16c_block_52_aesa	1	1	1	0	us_an_apg_83	radar_dm	1	0:radar:us_an_apg_83 1:radar:us_an_asq_213_esm 2:ir:us_an_alr_69a_v 3:ir:laserdesignatorsensor
f_16d_block_40_barak_2	1	1	1	0	us_an_apg_68_v_5	radar_dm	0	0:radar:us_an_apg_68_v_5 1:ir:us_an_alr_56m 2:ir:ir_tracker_tgp 3:ir:laserdesignatorsensor
f_16d_block_40_barak_2_killstreak	1	1	1	0	us_an_apg_68_v_5	radar_dm	0	0:radar:us_an_apg_68_v_5 1:ir:us_an_alr_56m 2:ir:ir_tracker_tgp 3:ir:laserdesignatorsensor
f_16d_block_40_barak_2_missile_test	1	1	1	0	us_an_apg_68_v_5	radar_dm	0	0:radar:us_an_apg_68_v_5 1:ir:us_an_alr_56m 2:ir:ir_tracker_tgp 3:ir:laserdesignatorsensor
f_16i_sufa	1	1	1	0	us_an_apg_68_v_9	radar_dm	0	0:radar:us_an_apg_68_v_9 1:ir:il_elisra_sps_3000 2:ir:ir_tracker_tgp 3:ir:laserdesignatorsensor 4:ir:il_paws_2
f_16xl	1	1	1	0	us_an_apg_68	radar_dm	0	0:radar:us_an_apg_68 1:ir:us_an_alr_69
f_20a	1	1	1	0	us_an_apg_67	radar_dm	0	0:radar:us_an_apg_67 1:ir:us_an_alr_46
f_2a	1	1	1	0	jp_j_apg_2	radar_dm	0	0:radar:jp_j_apg_2 1:ir:jp_j_asq_2 2:ir:laserdesignatorsensor 3:ir:ir_tracker_tgp
f_2a_adtw	1	1	1	0	jp_j_apg_2	radar_dm	0	0:radar:jp_j_apg_2 1:ir:jp_j_asq_2 2:ir:laserdesignatorsensor
f_2a_killstreak	1	1	1	0	jp_j_apg_2	radar_dm	0	0:radar:jp_j_apg_2 1:ir:jp_j_asq_2 2:ir:laserdesignatorsensor 3:ir:ir_tracker_tgp
f_4e_event	1	1	1	0	us_an_apq_120	radar_dm	0	0:radar:us_an_apq_120 1:ir:us_an_alr_46_v3
f_6c_pakistan			0				1	0:ir:su_spo-2
f-100a_china		1	1	0	us_an_apg_30	radar_dm	1	0:radar:us_an_apg_30 1:ir:us_an_apr_25
f-100d		1	1	0	us_an_apg_30	radar_dm	1	0:radar:us_an_apg_30 1:ir:us_an_apr_25
f-100d_france		1	1	0	us_an_apg_30	radar_dm	1	0:radar:us_an_apg_30 1:ir:us_an_apr_25
f-104a		1	1	0	us_an_asg_14	radar_dm	0	0:radar:us_an_asg_14
f-104a_china		1	1	0	us_an_asg_14	radar_dm	0	0:radar:us_an_asg_14
f-104c		1	1	0	us_an_asg_14	radar_dm	1	0:radar:us_an_asg_14 1:ir:us_an_apr_25
f-104g		1	1	0	us_nasarr	radar_dm	1	0:radar:us_nasarr 1:ir:us_an_apr_25
f-104g_belgium		1	1	0	us_nasarr	radar_dm	1	0:radar:us_nasarr 1:ir:us_an_apr_25
f-104g_china		1	1	0	us_nasarr	radar_dm	1	0:radar:us_nasarr 1:ir:us_an_apr_25
f-104g_italy		1	1	0	us_nasarr	radar_dm	1	0:radar:us_nasarr 1:ir:us_an_apr_25
f-104j		1	1	0	us_nasarr	radar_dm	1	0:radar:us_nasarr 1:ir:jp_j_apr_1
f-104s		1	1	0	us_nasarr	radar_dm	1	0:radar:us_nasarr 1:ir:us_an_apr_25
f-104s_asa		1	1	0	us_r21g_m1	radar_dm	0	0:radar:us_r21g_m1 1:ir:us_an_alq_73
f-104s_cb		1	1	0	us_nasarr	radar_dm	1	0:radar:us_nasarr 1:ir:us_an_apr_25
f-105d	1	1	1	0	us_an_asg_19	radar_dm	1	0:radar:us_an_asg_19 1:ir:us_an_apr_25
f-4c	1	1	1	0	us_an_apq_100	radar_dm	1	0:radar:us_an_apq_100 1:ir:us_an_apr_25
f-4e	1	1	1	0	us_an_apq_120	radar_dm	0	0:radar:us_an_apq_120 1:ir:us_an_alr_46_v3
f-4e_iaf	1	1	1	0	us_an_apq_120	radar_dm	0	0:radar:us_an_apq_120 1:ir:us_an_alr_46_v3
f-4e_kurnass_2000	1	1	1	0	us_an_apg_76_an_asx_1	radar_dm	0	0:radar:us_an_apg_76_an_asx_1 1:ir:us_an_alr_46_v3 2:ir:tv_tracker_tgp 3:ir:laserdesignatorsensor
f-4ej	1	1	1	0	us_an_apq_120	radar_dm	1	0:radar:us_an_apq_120 1:ir:jp_j_apr_2
f-4ej_adtw	1	1	1	0	us_an_apq_120	radar_dm	1	0:radar:us_an_apq_120 1:ir:jp_j_apr_2
f-4ej_kai	1	1	1	0	jp_an_apg_66j	radar_dm	1	0:radar:jp_an_apg_66j 1:ir:jp_j_apr_6
f-4f	1	1	1	0	us_an_apq_120	radar_dm	0	0:radar:us_an_apq_120 1:ir:us_an_alr_46_v2
f-4f_kws_lv	1	1	1	0	us_an_apg_65gy	radar_dm	0	0:radar:us_an_apg_65gy 1:ir:us_an_alr_68_v_3
f-4f_late	1	1	1	0	us_an_apq_120	radar_dm	0	0:radar:us_an_apq_120 1:ir:us_an_alr_68_v
f-4j	1	1	1	0	us_an_apg_59_f_4j	radar_dm	0	0:radar:us_an_apg_59_f_4j 1:ir:us_an_alr_45v
f-4jk	1	1	1	0	us_an_apg_59u	radar_dm	0	0:radar:us_an_apg_59u 1:ir:us_an_alr_66
f-4k	1	1	1	0	us_an_apg_60	radar_dm	0	0:radar:us_an_apg_60 1:rwr:uk_ari_18228
f-4m_fgr2	1	1	1	0	us_an_apg_61	radar_dm	0	0:radar:us_an_apg_61 1:rwr:uk_ari_18228
f-4s	1	1	1	0	us_an_apg_59_f_4j	radar_dm	0	0:radar:us_an_apg_59_f_4j 1:ir:us_an_alr_45f_v
f-5a		1	0				1	0:ir:us_an_apr_25
f-5a_china		1	0				1	0:ir:us_an_apr_25
f-5a_thailand		1	0				1	0:ir:us_an_apr_25
f-5ag_norway		1	0				0	0:ir:us_an_alr_46_v3
f-5c		1	0				1	0:ir:us_an_apr_25
f-5e	1	1	1	0	us_an_apq_159	radar_dm	0	0:radar:us_an_apq_159 1:ir:us_an_alr_46_v3
f-5e_aidc	1	1	1	0	us_an_apq_159	radar_dm	0	0:radar:us_an_apq_159 1:ir:us_an_alr_46_v3
f-5e_fcu_thailand	1	1	1	0	us_an_apq_159	radar_dm	0	0:radar:us_an_apq_159 1:ir:us_an_alr_46_v3
f-5e_switzerland	1	1	1	0	us_an_apq_159_v	radar_dm	0	0:radar:us_an_apq_159_v 1:ir:us_an_alr_87
f-5t_thailand	1	1	1	0	us_an_apq_159_hms	radar_dm	0	0:radar:us_an_apq_159_hms 1:ir:us_an_alr_46_v3
f-5th_thailand	1	1	1	0	il_el_m_2032	radar_dm	0	0:radar:il_el_m_2032 1:ir:us_an_alr_46_v3_f_5th 2:ir:laserdesignatorsensor 3:ir:laserbeamridingsensor
f-84f		1	1	0	us_an_apg_30	radar_dm	0	0:radar:us_an_apg_30
f-84f_france		1	1	0	us_an_apg_30	radar_dm	0	0:radar:us_an_apg_30
f-84f_germany		1	1	0	us_an_apg_30	radar_dm	0	0:radar:us_an_apg_30
f-84f_iaf		1	1	0	us_an_apg_30	radar_dm	0	0:radar:us_an_apg_30
f-84f_israel_iaf		1	1	0	us_an_apg_30	radar_dm	0	0:radar:us_an_apg_30
f-84f_italy		1	1	0	us_an_apg_30	radar_dm	0	0:radar:us_an_apg_30
f-84g		1	1	0	us_an_apg_30	radar_dm	0	0:radar:us_an_apg_30
f-84g_china		1	1	0	us_an_apg_30	radar_dm	0	0:radar:us_an_apg_30
f-84g_france		1	1	0	us_an_apg_30	radar_dm	0	0:radar:us_an_apg_30
f-84g_italy		1	1	0	us_an_apg_30	radar_dm	0	0:radar:us_an_apg_30
f-84g_thailand		1	1	0	us_an_apg_30	radar_dm	0	0:radar:us_an_apg_30
f-84g-31-re_china		1	1	0	us_an_apg_30	radar_dm	0	0:radar:us_an_apg_30
f-86_canadair_german		1	1	0	us_an_apg_501	radar_dm	0	0:radar:us_an_apg_501
f-86_cl_13_mk4_italy		1	1	0	us_an_apg_501	radar_dm	0	0:radar:us_an_apg_501
f-86_cl_13b_mk6		1	1	0	us_an_apg_501	radar_dm	0	0:radar:us_an_apg_501
f-86f-2		1	1	0	us_an_apg_30	radar_dm	0	0:radar:us_an_apg_30
f-86f-25		1	1	0	us_an_apg_30	radar_dm	0	0:radar:us_an_apg_30
f-86f-30_china		1	1	0	us_an_apg_30	radar_dm	0	0:radar:us_an_apg_30
f-86f-30_japan		1	1	0	us_an_apg_30	radar_dm	0	0:radar:us_an_apg_30
f-86f-35		1	1	0	us_an_apg_30	radar_dm	0	0:radar:us_an_apg_30
f-86f-40_china		1	1	0	us_an_apg_30	radar_dm	0	0:radar:us_an_apg_30
f-86f-40_japan		1	1	0	us_an_apg_30	radar_dm	0	0:radar:us_an_apg_30
f-86f-40_japan_blue_impulse		1	1	0	us_an_apg_30	radar_dm	0	0:radar:us_an_apg_30
f-86k_late		1	1	0	us_an_aps_21	radar_dm	0	0:radar:us_an_aps_21
f-86k_late_german		1	1	0	us_an_aps_21	radar_dm	0	0:radar:us_an_aps_21
f-86k_late_italy		1	1	0	us_an_aps_21	radar_dm	0	0:radar:us_an_aps_21
f-89b		1	1	0	us_an_apg_33	radar_dm	0	0:radar:us_an_apg_33
f-89c_30mm		1	1	0	us_an_apg_33	radar_dm	0	0:radar:us_an_apg_33
f-89c_rocket		1	1	0	us_an_apg_33	radar_dm	0	0:radar:us_an_apg_33
f-89d		1	1	0	us_an_apg_33	radar_dm	0	0:radar:us_an_apg_33
f-8e	1	1	1	0	us_an_apq_94	radar_dm	1	0:radar:us_an_apq_94 1:ir:us_an_apr_27
f-8e_fn	1	1	1	0	us_an_apq_104	radar_dm	0	0:radar:us_an_apq_104
f1	1	1	1	0	jp_awg_12	radar_dm	1	0:radar:jp_awg_12 1:ir:jp_j_apr_3
f11f_1_late			1	0	us_an_apg_30		0	0:radar:us_an_apg_30
f2h-2		1	1	0	us_an_apg_30	radar_dm	0	0:radar:us_an_apg_30
f3d_1		1	2	0	us_an_aps_21	radar_dm	0	0:radar:us_an_aps_21 1:radar:us_an_apg_26
f3h-2	1	1	1	0	us_an_apq_51	radar_dm	0	0:radar:us_an_apq_51
f4d_1	1	1	1	0	us_an_apq_50	radar_dm	0	0:radar:us_an_apq_50
f6f-5n	1	1	1	0	us_an_aps_6	radar_dm	0	0:radar:us_an_aps_6
f6f-5n_france	1	1	1	0	us_an_aps_6	radar_dm	0	0:radar:us_an_aps_6
f8u-2	1	1	1	0	us_an_aps_67	radar_dm	1	0:radar:us_an_aps_67 1:ir:us_an_apr_27
f9f-5		1	1	0	us_an_apg_30	radar_dm	0	0:radar:us_an_apg_30
f9f-8		1	1	0	us_an_apg_30	radar_dm	0	0:radar:us_an_apg_30
fa_18a	1	1	1	0	us_an_apg_65	radar_dm	1	0:radar:us_an_apg_65 1:radar:us_harm_a_esm 2:ir:us_an_alr_67 3:ir:ir_tracker_tgp
fa_18a_hug_2_raaf	1	1	1	0	us_an_apg_73_hms	radar_dm	1	0:radar:us_an_apg_73_hms 1:radar:us_harm_a_esm 2:ir:us_an_alr_67_v_3 3:ir:ir_tracker_tgp 4:ir:laserdesignatorsensor
fa_18a_raaf	1	1	1	0	us_an_apg_65	radar_dm	1	0:radar:us_an_apg_65 1:radar:us_harm_a_esm 2:ir:us_an_alr_67
fa_18c_early	1	1	1	0	us_an_apg_65	radar_dm	1	0:radar:us_an_apg_65 1:radar:us_harm_a_esm 2:ir:us_an_alr_67 3:ir:laserdesignatorsensor
fa_18c_finland	1	1	1	0	us_an_apg_73	radar_dm	0	0:radar:us_an_apg_73 1:ir:us_an_alr_67
fa_18c_late	1	1	1	0	us_an_apg_73_hms	radar_dm	1	0:radar:us_an_apg_73_hms 1:radar:us_harm_a_esm 2:ir:us_an_alr_67_v_3 3:ir:ir_tracker_tgp 4:ir:laserdesignatorsensor
fa_18c_late_switzerland	1	1	1	0	us_an_apg_73_hms	radar_dm	1	0:radar:us_an_apg_73_hms 1:radar:us_harm_a_esm 2:ir:us_an_alr_67_v_3 3:ir:ir_tracker_tgp 4:ir:laserdesignatorsensor
fa_18c_mlu_2_finland	1	1	1	0	us_an_apg_73_hms	radar_dm	1	0:radar:us_an_apg_73_hms 1:radar:us_harm_c_esm 2:ir:us_an_alr_67_v_3 3:ir:ir_tracker_tgp 4:ir:laserdesignatorsensor
fa_18c_switzerland	1	1	1	0	us_an_apg_73	radar_dm	0	0:radar:us_an_apg_73 1:ir:us_an_alr_67 2:ir:ir_tracker_tgp 3:ir:laserdesignatorsensor
fa_18d_late_malaysia	1	1	1	0	us_an_apg_73_hms	radar_dm	1	0:radar:us_an_apg_73_hms 1:radar:us_harm_a_esm 2:ir:us_an_alr_67_v_3 3:ir:ir_tracker_tgp 4:ir:laserdesignatorsensor
fa_18e_block_2	1	1	1	0	us_an_apg_79	radar_dm	1	0:radar:us_an_apg_79 1:radar:us_harm_c_esm 2:ir:us_an_alr_67_v_3 3:ir:ir_tracker_tgp 4:ir:laserdesignatorsensor
fa_18f_block_2_raaf	1	1	1	0	us_an_apg_79	radar_dm	1	0:radar:us_an_apg_79 1:radar:us_harm_c_esm 2:ir:us_an_alr_67_v_3 3:ir:ir_tracker_tgp 4:ir:laserdesignatorsensor
fj_4b		1	1	0	us_an_apg_30	radar_dm	0	0:radar:us_an_apg_30
fj_4b_agm_12b		1	1	0	us_an_apg_30	radar_dm	0	0:radar:us_an_apg_30
g_lynx		1	0				1	0:ir:us_an_apr_39_v1 1:ir:ir_tracker 2:ir:us_flir
harrier_frs1	1	1	1	0	uk_ferranti_blue_fox	radar_dm	0	0:radar:uk_ferranti_blue_fox 1:rwr:uk_ari_18228
harrier_frs1_early	1	1	1	0	uk_ferranti_blue_fox	radar_dm	0	0:radar:uk_ferranti_blue_fox 1:rwr:uk_ari_18228
harrier_gr3		1	0				0	0:rwr:uk_ari_18223
harrier_gr7		1	0				0	0:ir:uk_ari_23333 1:ir:laserdesignatorsensor 2:ir:uk_pvs2000_maw
harrier_t10		1	0				0	0:ir:uk_ari_23333 1:ir:laserdesignatorsensor 2:ir:uk_pvs2000_maw
hawk_200		1	0				0	0:ir:uk_sky_guardian_200
hawk_200_rda	1	1	1	0	us_an_apg_66h	radar_dm	0	0:radar:us_an_apg_66h 1:ir:uk_sky_guardian_200
hawk_209_indonesia	1	1	1	0	us_an_apg_66h	radar_dm	0	0:radar:us_an_apg_66h 1:ir:uk_sky_guardian_200
he_219a_7		1	1	0	de_fug_220	radar_dm	0	0:radar:de_fug_220
hkp9a_cb2			0				1	0:ir:us_an_apr_39_v1
hkp9a_cb3_fc			0				1	0:ir:us_an_apr_39_v1
hunter_f1		1	1	0	uk_ari_5820	radar_dm	0	0:radar:uk_ari_5820
hunter_f50_sweden		1	1	0	us_an_apg_30	radar_dm	0	0:radar:us_an_apg_30
hunter_f58_switzerland		1	1	0	us_an_apg_30	radar_dm	1	0:radar:us_an_apg_30 1:ir:us_an_apr_36
hunter_f58a_1971_switzerland		1	1	0	us_an_apg_30	radar_dm	1	0:radar:us_an_apg_30 1:ir:us_an_apr_36
hunter_f6		1	1	0	uk_ari_5820	radar_dm	0	0:radar:uk_ari_5820
hunter_f6_holland		1	1	0	uk_ari_5820	radar_dm	0	0:radar:uk_ari_5820
hunter_f9		1	1	0	us_an_apg_30	radar_dm	0	0:radar:us_an_apg_30
hunter_f9_rhodesia		1	1	0	us_an_apg_30	radar_dm	0	0:radar:us_an_apg_30
iar_93b		1	0				1	0:ir:su_spo-10
il_28			0				1	0:ir:su_spo-2
il_28_china			0				1	0:ir:su_spo-2
il_28_china_killstreak			0				1	0:ir:su_spo-2
il_28_german			0				1	0:ir:su_spo-2
il_28_hungary			0				1	0:ir:su_spo-2
il_28_killstreak			0				1	0:ir:su_spo-2
il_28sh			0				1	0:ir:su_spo-2
j_10a	1	1	1	0	cn_type_1473	radar_dm	1	0:radar:cn_type_1473 1:radar:cn_rwr_esm 2:ir:cn_kj8602a 3:ir:ir_tracker_tgp 4:ir:laserdesignatorsensor
j_10a_killstreak	1	1	1	0	cn_type_1473	radar_dm	1	0:radar:cn_type_1473 1:radar:cn_rwr_esm 2:ir:cn_kj8602a 3:ir:ir_tracker_tgp 4:ir:laserdesignatorsensor
j_10c	1	1	1	0	cn_klj_10a	radar_dm	1	0:radar:cn_klj_10a 1:radar:cn_rwr_esm 2:ir:cn_krkz2200 3:ir:laserdesignatorsensor 4:ir:cn_s740
j_11	1	1	1	0	su_n_001	radar_dm	1	0:radar:su_n_001 1:ir:su_spo-15lm
j_11a	1	1	1	0	su_n_001	radar_dm	1	0:radar:su_n_001 1:ir:su_spo-15lm
j_11b	1	1	1	0	cn_type_1493_pd	radar_dm	1	0:radar:cn_type_1493_pd 1:radar:cn_rwr_esm 2:ir:cn_kj8602a 3:ir:ir_tracker_tgp 4:ir:laserdesignatorsensor
j_15t	1	1	1	0	cn_klj_10a	radar_dm	1	0:radar:cn_klj_10a 1:radar:cn_rwr_esm 2:ir:cn_krkz2200 3:ir:cn_s740 4:ir:laserdesignatorsensor
j_22m1a			0				1	0:ir:su_spo-150-16m 1:ir:ir_tracker 2:ir:laserdesignatorsensor
j_7_mk2		1	1	0	su_srd-5	radar_dm	0	0:radar:su_srd-5
j_7d	1	1	1	0	cn_jl_7a	radar_dm	0	0:radar:cn_jl_7a 1:ir:cn_type_930_4
j_7e		1	1	0	uk_marconi_type_226	radar_dm	0	0:radar:uk_marconi_type_226 1:ir:cn_kj_8602
j_8b	1	1	1	0	cn_type_208a	radar_dm	1	0:radar:cn_type_208a 1:ir:su_spo-10
j_8f	1	1	1	0	cn_type_1492	radar_dm	0	0:radar:cn_type_1492 1:ir:cn_kj8602a
j_8f_missile_test	1	1	1	0	cn_type_1492	radar_dm	0	0:radar:cn_type_1492 1:ir:cn_kj8602a
jaguar_a		1	0				1	0:ir:ir_tracker_tgp 1:ir:us_an_apr_25 2:ir:laserdesignatorsensor
jaguar_a_germany_killstreak		1	0				1	0:ir:ir_tracker_tgp 1:ir:us_an_apr_25 2:ir:laserdesignatorsensor
jaguar_a_iaf_killstreak		1	0				1	0:ir:ir_tracker_tgp 1:ir:us_an_apr_25 2:ir:laserdesignatorsensor
jaguar_a_italy_killstreak		1	0				1	0:ir:ir_tracker_tgp 1:ir:us_an_apr_25 2:ir:laserdesignatorsensor
jaguar_a_japan_killstreak		1	0				1	0:ir:ir_tracker_tgp 1:ir:us_an_apr_25 2:ir:laserdesignatorsensor
jaguar_a_killstreak		1	0				1	0:ir:ir_tracker_tgp 1:ir:us_an_apr_25 2:ir:laserdesignatorsensor
jaguar_a_sweden_killstreak		1	0				1	0:ir:ir_tracker_tgp 1:ir:us_an_apr_25 2:ir:laserdesignatorsensor
jaguar_a_uk_killstreak		1	0				1	0:ir:ir_tracker_tgp 1:ir:us_an_apr_25 2:ir:laserdesignatorsensor
jaguar_a_usa_killstreak		1	0				1	0:ir:ir_tracker_tgp 1:ir:us_an_apr_25 2:ir:laserdesignatorsensor
jaguar_e		1	0				0	0:ir:ir_tracker_tgp 1:ir:laserdesignatorsensor
jaguar_gr1		1	0				0	0:rwr:uk_ari_18223
jaguar_gr1a		1	0				0	0:rwr:uk_ari_18223 1:ir:ir_tracker_tgp 2:ir:laserdesignatorsensor
jaguar_is		1	0				0	0:ir:su_tarang 1:ir:ir_tracker_tgp 2:ir:laserdesignatorsensor
javelin_fmk9		1	2	0	us_an_aps_21	radar_dm	0	0:radar:us_an_aps_21 1:radar:us_an_apg_26
jf_17	1	1	1	0	cn_klj_7	radar_dm	1	0:radar:cn_klj_7 1:radar:cn_rwr_esm 2:ir:us_an_alr_400 3:ir:ir_tracker_tgp 4:ir:laserdesignatorsensor 5:ir:cn_se_2_mlws
jh_7	1	1	1	0	cn_jl_10a	radar_dm	0	0:radar:cn_jl_10a 1:ir:cn_kj8602a
jh_7a	1	1	1	0	cn_jl_10a	radar_dm	1	0:radar:cn_jl_10a 1:radar:cn_rwr_esm 2:ir:cn_kj8602a 3:ir:ir_tracker_tgp 4:ir:laserdesignatorsensor
jh_7a_killstreak	1	1	1	0	cn_jl_10a	radar_dm	1	0:radar:cn_jl_10a 1:radar:cn_rwr_esm 2:ir:cn_kj8602a 3:ir:ir_tracker_tgp 4:ir:laserdesignatorsensor
jh_7a_prototype	1	1	1	0	cn_jl_10a	radar_dm	1	0:radar:cn_jl_10a 1:radar:cn_rwr_esm 2:ir:cn_kj8602a 3:ir:ir_tracker_tgp 4:ir:laserdesignatorsensor
jh_7a2	1	1	1	0	cn_jl_10ag	radar_dm	1	0:radar:cn_jl_10ag 1:radar:cn_rwr_esm 2:ir:cn_kj8602a 3:ir:ir_tracker_tgp 4:ir:laserdesignatorsensor
ju-388j		1	1	0	de_fug_202	radar_dm	0	0:radar:de_fug_202
ka_50			0				1	0:ir:tv_tracker 1:ir:su_spo-15 2:ir:su_l-140 3:ir:laserbeamridingsensor
ka_52	1	1	1	0	su_rn_01_arbalet	radar_dm	1	0:radar:su_rn_01_arbalet 1:ir:ir_tracker 2:ir:su_spo-150 3:ir:su_l-140 4:ir:laserbeamridingsensor
kfir_c10_colombia	1	1	1	0	il_el_m_2052	radar_dm	0	0:radar:il_el_m_2052 1:ir:ir_tracker_tgp 2:ir:il_elisra_sps_200 3:ir:laserdesignatorsensor
kfir_c2		1	1	0	il_el_m_2001b	radar_dm	0	0:radar:il_el_m_2001b 1:ir:il_elisra_sps_200
kfir_c7		1	1	0	il_el_m_2001b	radar_dm	0	0:radar:il_el_m_2001b 1:ir:il_elisra_sps_200
kfir_canard		1	1	0	il_el_m_2001b	radar_dm	1	0:radar:il_el_m_2001b 1:ir:us_an_apr_25
la_200_toriy		1	1	0	su_thorium	radar_dm	0	0:radar:su_thorium
lightning_f53	1	1	1	0	uk_ai	radar_dm	0	0:radar:uk_ai
lightning_f6	1	1	1	0	uk_ai	radar_dm	0	0:radar:uk_ai
lynx_ah_mk1		1	0				1	0:ir:us_an_apr_39_v1 1:ir:ir_tracker 2:ir:us_flir
m_346fa	1	1	1	0	it_grifo_346	radar_dm	1	0:radar:it_grifo_346 1:ir:uk_praetorian_rwr 2:ir:uk_praetorian_maw 3:ir:uk_praetorian_lws 4:ir:laserdesignatorsensor
md_454_mystere_4a		1	1	0	us_an_apg_30	radar_dm	0	0:radar:us_an_apg_30
md_454_mystere_4a_iaf		1	1	0	us_an_apg_30	radar_dm	0	0:radar:us_an_apg_30
md_460		1	1	0	us_an_apg_30	radar_dm	0	0:radar:us_an_apg_30
md_460_saar		1	1	0	us_an_apg_30	radar_dm	0	0:radar:us_an_apg_30
md_460_sambad		1	1	0	us_an_apg_30	radar_dm	0	0:radar:us_an_apg_30
md_460_usa		1	1	0	us_an_apg_30	radar_dm	0	0:radar:us_an_apg_30
md_460_yt_cup_2019		1	1	0	us_an_apg_30	radar_dm	0	0:radar:us_an_apg_30
me-410b-6_r3		1	1	0	de_fug_200	radar_dm	0	0:radar:de_fug_200
meteor_nfmk13		1	1	0	us_mk_x	radar_dm	0	0:radar:us_mk_x
mh_60l_dap			0				1	0:ir:ir_tracker 1:ir:us_an_apr_39a_v1 2:ir:us_flir 3:ir:us_an_avr-2
mi_24d			0				1	0:ir:su_spo-10
mi_24d_german			0				1	0:ir:su_spo-10
mi_24d_hungary			0				1	0:ir:su_spo-10
mi_24p			0				1	0:ir:su_spo-10
mi_24p_german			0				1	0:ir:su_spo-10
mi_24p_german_hfs80			0				1	0:ir:su_spo-10
mi_24p_hungary			0				1	0:ir:su_spo-15lm
mi_24v			0				1	0:ir:su_spo-10
mi_24v_hungary			0				1	0:ir:su_spo-15lm
mi_28a_sweden		1	0				1	0:ir:tv_tracker 1:ir:su_spo-15 2:ir:laserbeamridingsensor
mi_28n		1	0				1	0:ir:ir_tracker 1:ir:su_spo-150 2:ir:su_l-140
mi_28n_killstreak		1	0				1	0:ir:ir_tracker 1:ir:su_spo-150 2:ir:su_l-140
mi_28nm	1	1	1	0	su_n_025	radar_dm	1	0:radar:su_n_025 1:ir:ir_tracker 2:ir:su_spo-150 3:ir:su_l-140 4:ir:laserbeamridingsensor
mi_35m			0				1	0:ir:ir_tracker 1:ir:su_spo-15lm
mi_35m_killstreak			0				1	0:ir:ir_tracker 1:ir:su_spo-15lm
mi_35m_pakistan			0				1	0:ir:ir_tracker 1:ir:su_spo-15lm
mi_35p			0				1	0:ir:ir_tracker 1:ir:su_spo-150 2:ir:laserbeamridingsensor
mi_35p_indonesia			0				1	0:ir:su_spo-10
mi_8amtsh_vn		1	1	0	su_vn_001	radar_dm	1	0:radar:su_vn_001 1:ir:ir_tracker 2:ir:su_spo-150-28m 3:ir:su_l-140 4:ir:laserbeamridingsensor
mig_21_2000_iaf	1	1	1	0	il_el_m_2032	radar_dm	1	0:radar:il_el_m_2032 1:ir:su_spo-10 2:ir:ir_tracker_tgp 3:ir:laserdesignatorsensor
mig_21_bis_finland	1	1	1	0	su_sapphire_21	radar_dm	1	0:radar:su_sapphire_21 1:ir:su_spo-10
mig_23bn		1	0				1	0:ir:su_spo-10
mig_23m		1	1	0	su_sapphire_23	radar_dm	1	0:radar:su_sapphire_23 1:ir:su_spo-10
mig_23mf_germany		1	1	0	su_sapphire_23e	radar_dm	1	0:radar:su_sapphire_23e 1:ir:su_spo-10
mig_23mf_hungary		1	1	0	su_sapphire_23e	radar_dm	1	0:radar:su_sapphire_23e 1:ir:su_spo-10
mig_23ml		1	1	0	su_sapphire_23ml	radar_dm	1	0:radar:su_sapphire_23ml 1:ir:su_spo-10
mig_23mla		1	1	0	su_sapphire_23mla	radar_dm	1	0:radar:su_sapphire_23mla 1:ir:su_spo-10
mig_23mld		1	1	0	su_sapphire_23mla_2	radar_dm	1	0:radar:su_sapphire_23mla_2 1:ir:su_spo-15lm
mig_25pd	1	1	1	0	su_sapphire_25	radar_dm	1	0:radar:su_sapphire_25 1:ir:su_spo-10
mig_27k			0				5	0:ir:tv_tracker_tgp 1:radar:su_kh_27ps_viuga_esm 2:radar:su_kh_31p_111_esm 3:radar:su_kh_31p_112_esm 4:radar:su_kh_31p_113_esm 5:ir:su_spo-15lm 6:ir:laserdesignatorsensor
mig_27m			0				5	0:ir:su_spo-15lm 1:radar:su_kh_27ps_viuga_esm 2:radar:su_kh_31p_111_esm 3:radar:su_kh_31p_112_esm 4:radar:su_kh_31p_113_esm 5:ir:laserdesignatorsensor
mig_29_9_12		1	1	0	su_n_019e	radar_dm	1	0:radar:su_n_019e 1:ir:su_spo-15lm
mig_29_9_12_germany		1	1	0	su_n_019e	radar_dm	1	0:radar:su_n_019e 1:ir:su_spo-15lm
mig_29_9_12_sniper	1	1	1	0	su_n_019e	radar_dm	0	0:radar:su_n_019e 1:ir:il_sps_20v
mig_29_9_12b_hungary		1	1	0	su_n_019e	radar_dm	1	0:radar:su_n_019e 1:ir:su_spo-15lm
mig_29_9_12g		1	1	0	su_n_019e	radar_dm	1	0:radar:su_n_019e 1:ir:su_spo-15lm
mig_29_9_13		1	1	0	su_n_019	radar_dm	1	0:radar:su_n_019 1:ir:su_spo-15lm
mig_29kr_9_41r		1	1	0	su_n_010m	radar1_dm	2	0:radar:su_n_010m 1:radar:su_spo_150_esm 2:ir:su_spo-150
mig_29m_9_15		1	1	0	su_n_010m	radar1_dm	2	0:radar:su_n_010m 1:radar:su_spo_150_esm 2:ir:su_spo-150
mig_29n		1	1	0	su_n_019me	radar_dm	1	0:radar:su_n_019me 1:ir:su_spo-15lm
mig_29smt_9_19		1	1	0	su_n_010m	radar1_dm	2	0:radar:su_n_010m 1:radar:su_spo_150_esm 2:ir:su_spo-150
mig_29smt_9_19_killstreak		1	1	0	su_n_010m	radar1_dm	2	0:radar:su_n_010m 1:radar:su_spo_150_esm 2:ir:su_spo-150
mig_29smt_9_19_missile_test		1	1	0	su_n_010m	radar1_dm	2	0:radar:su_n_010m 1:radar:su_spo_150_esm 2:ir:su_spo-150
mig-17			0				1	0:ir:su_spo-2
mig-17_china			0				1	0:ir:su_spo-2
mig-17_cuba			0				1	0:ir:su_spo-2
mig-17_f5			0				1	0:ir:su_spo-2
mig-17p_lim_5p	1	1	2	0	su_rp-5_search	radar_dm	1	0:radar:su_rp-5_search 1:radar:su_rp-5_track 2:ir:su_spo-2
mig-17pf_hungary	1	1	2	0	su_rp-5_search	radar_dm	1	0:radar:su_rp-5_search 1:radar:su_rp-5_track 2:ir:su_spo-2
mig-19j_6a		1	2	0	su_rp-5_search	radar_dm	1	0:radar:su_rp-5_search 1:radar:su_rp-5_track 2:ir:su_spo-2
mig-19pt		1	2	0	su_rp-5_search	radar_dm	1	0:radar:su_rp-5_search 1:radar:su_rp-5_track 2:ir:su_spo-2
mig-19s		1	1	0	su_srd-1	radar_dm	1	0:radar:su_srd-1 1:ir:su_spo-2
mig-21_bis	1	1	1	0	su_sapphire_21	radar_dm	1	0:radar:su_sapphire_21 1:ir:su_spo-10
mig-21_bis_event	1	1	1	0	su_sapphire_21	radar_dm	1	0:radar:su_sapphire_21 1:ir:su_spo-10
mig-21_bis_lazur	1	1	1	0	su_sapphire_21	radar_dm	1	0:radar:su_sapphire_21 1:ir:su_spo-10
mig-21_bis_sau	1	1	1	0	su_sapphire_21	radar_dm	1	0:radar:su_sapphire_21 1:ir:su_spo-10
mig-21_bis_sau_hungary	1	1	1	0	su_sapphire_21	radar_dm	1	0:radar:su_sapphire_21 1:ir:su_spo-10
mig-21_bison		1	1	0	su_kopio	radar_dm	0	0:radar:su_kopio 1:ir:su_tarang
mig-21_f13		1	1	0	su_srd-5	radar_dm	0	0:radar:su_srd-5
mig-21_mf	1	1	1	0	su_sapphire_21	radar_dm	1	0:radar:su_sapphire_21 1:ir:su_spo-10
mig-21_mf_hungary	1	1	1	0	su_sapphire_21	radar_dm	1	0:radar:su_sapphire_21 1:ir:su_spo-10
mig-21_pfm	1	1	1	0	su_sapphire_21	radar_dm	0	0:radar:su_sapphire_21
mig-21_s	1	1	1	0	su_sapphire_21	radar_dm	1	0:radar:su_sapphire_21 1:ir:su_spo-10
mig-21_smt	1	1	1	0	su_sapphire_21	radar_dm	1	0:radar:su_sapphire_21 1:ir:su_spo-10
mig-21_sps_k	1	1	1	0	su_sapphire_21	radar_dm	1	0:radar:su_sapphire_21 1:ir:su_spo-2
mirage_2000_5ei	1	1	1	0	fr_thales_rdy	radar_dm	1	0:radar:fr_thales_rdy 1:ir:fr_serval_rwr 2:ir:laserdesignatorsensor
mirage_2000_5f	1	1	1	0	fr_thales_rdy	radar_dm	1	0:radar:fr_thales_rdy 1:ir:fr_serval_rwr 2:ir:laserdesignatorsensor
mirage_2000_5f_missile_test	1	1	1	0	fr_thales_rdy	radar_dm	1	0:radar:fr_thales_rdy 1:ir:fr_serval_rwr 2:ir:laserdesignatorsensor
mirage_2000c_s4	1	1	1	0	fr_thomson-csf_rdi	radar_dm	2	0:radar:fr_thomson-csf_rdi 1:radar:fr_as37_armat_esm 2:ir:fr_serval_rwr
mirage_2000c_s5	1	1	1	0	fr_thomson-csf_rdi	radar_dm	2	0:radar:fr_thomson-csf_rdi 1:radar:fr_as37_armat_esm 2:ir:fr_serval_rwr
mirage_2000d_r1	1	1	1	0	fr_antilope_5	radar_dm	2	0:radar:fr_antilope_5 1:radar:fr_as37_armat_esm 2:ir:fr_serval_rwr 3:ir:laserdesignatorsensor 4:ir:ir_tracker_tgp
mirage_2000d_rmv	1	1	1	0	fr_antilope_5_hmd	radar_dm	2	0:radar:fr_antilope_5_hmd 1:radar:fr_as37_armat_esm 2:ir:ir_tracker_tgp 3:ir:fr_serval_rwr 4:ir:laserdesignatorsensor
mirage_3c	1	1	1	0	fr_cyrano	radar_dm	0	0:radar:fr_cyrano
mirage_3cj	1	1	1	0	fr_cyrano	radar_dm	0	0:radar:fr_cyrano 1:rwr:fr_mirage_3e_detecteur
mirage_3e	1	1	1	0	fr_cyrano_ii	radar_dm	0	0:radar:fr_cyrano_ii 1:rwr:fr_mirage_3e_detecteur
mirage_3s_c70_switzerland	1	1	1	0	fr_taran_18	radar_dm	0	0:radar:fr_taran_18 1:ir:us_an_alr_87
mirage_4000	1	1	1	0	fr_thomson-csf_rdm	radar_dm	2	0:radar:fr_thomson-csf_rdm 1:radar:fr_as37_armat_esm 2:ir:fr_serval_rwr 3:ir:ir_tracker_tgp 4:ir:laserdesignatorsensor
mirage_5ba		1	0				0	0:rwr:fr_mirage_3e_detecteur
mirage_5f		1	0				0	0:rwr:fr_mirage_3e_detecteur
mirage_f1c	1	1	1	0	fr_cyrano_iv	radar_dm	0	0:radar:fr_cyrano_iv 1:rwr:fr_mirage_3e_detecteur
mirage_f1c_200	1	1	1	0	fr_cyrano_iv	radar_dm	0	0:radar:fr_cyrano_iv 1:rwr:fr_mirage_3e_detecteur
mirage_f1ct	1	1	1	0	fr_cyrano_ivmr	radar_dm	0	0:radar:fr_cyrano_ivmr 1:ir:fr_sherloc
mirage_milan		1	1	0	fr_aida_2	radar_dm	0	0:radar:fr_aida_2
mosquito_fb_mk6_ash_norway		1	1	0	us_an_aps_4	radar_dm	0	0:radar:us_an_aps_4
mosquito_j30_sweden		1	1	0	sw_ps_20	radar_dm	0	0:radar:sw_ps_20
mosquito_nf_mk2		1	0				0	0:ir:uk_ai_mk_4
mosquito_tr_mk33		1	1	0	us_an_aps_4	radar_dm	0	0:radar:us_an_aps_4
nesher		1	1	0	il_el_m_2001b	radar_dm	0	0:radar:il_el_m_2001b
nf_5a_netherlands		1	0				1	0:ir:us_an_apr_25
nt_a_10a_early			0				0	0:ir:ir_tracker 1:ir:us_an_alr_69
nt_a_6e_tram		1	0				0	0:ir:ir_tracker_tgp 1:ir:us_an_alr_67 2:ir:laserdesignatorsensor
nt_a_7e		1	0				1	0:ir:us_an_alr_45f_v 1:radar:us_harm_a_esm
nt_b_52h		1	0				0	0:ir:us_an_alr_46_v3
nt_f_4e	1	1	1	0	us_an_apq_120	radar_dm	0	0:radar:us_an_apq_120 1:ir:us_an_alr_46_v3
nt_mig_23mld		1	1	0	su_sapphire_23mla_2	radar_dm	1	0:radar:su_sapphire_23mla_2 1:ir:su_spo-15lm
nt_su_24m		1	1	0	su_orion	radar_dm	1	0:radar:su_orion 1:ir:tv_tracker_tgp 2:ir:su_spo-15s 3:ir:laserdesignatorsensor
nt_su_25t		1	0				2	0:radar:su_spo_150_esm 1:ir:tv_tracker_tgp 2:ir:su_spo-150 3:ir:laserbeamridingsensor 4:ir:laserdesignatorsensor
nt_tu_95m			0				1	0:ir:su_spo-2
oh_58d			0				1	0:ir:ir_tracker_360 1:ir:us_flir 2:ir:us_an_apr_39a_v1 3:ir:us_an_avr-2a
oh_58d_china			0				1	0:ir:ir_tracker_360 1:ir:us_flir 2:ir:us_an_apr_39a_v1 3:ir:us_an_avr-2a
p-61a_1		1	1	0	us_mk_x	radar_dm	0	0:radar:us_mk_x
p-61c_1		1	1	0	us_mk_x	radar_dm	0	0:radar:us_mk_x
pbm_5a		1	1	0	us_an_aps_31	radar_dm	0	0:radar:us_an_aps_31
q_5a		1	0				0	0:ir:cn_type_930
q_5l		1	0				0	0:ir:cn_kj_8602 1:ir:laserdesignatorsensor
rafale_c_f3	1	1	1	0	fr_thales_rbe2	radar_dm	1	0:radar:fr_thales_rbe2 1:ir:ir_tracker_tgp 2:ir:laserbeamridingsensor 3:ir:laserdesignatorsensor 4:ir:fr_spectra_rwr 5:ir:fr_spectra_lws
rafale_m_f3r	1	1	1	0	fr_thales_rbe2	radar_dm	1	0:radar:fr_thales_rbe2 1:ir:ir_tracker_tgp 2:ir:laserbeamridingsensor 3:ir:laserdesignatorsensor 4:ir:fr_spectra_rwr 5:ir:fr_spectra_lws
rah_66	1	1	1	0	us_comanche_fcr	radar_dm	1	0:radar:us_comanche_fcr 1:ir:ir_tracker 2:ir:us_an_avr-2 3:ir:us_an_apr_39a_v1_apr_48 4:ir:us_flir
saab_a32a		1	2	0	sw_ps-42_search	radar_dm	0	0:radar:sw_ps-42_search 1:radar:sw_ps-42_track 2:ir:sw_app_f9_5
saab_a32a_red_adam		1	2	0	sw_ps-42_search	radar_dm	0	0:radar:sw_ps-42_search 1:radar:sw_ps-42_track 2:ir:sw_app_f9_5
saab_aj37		1	1	0	sw_ps-37a	radar_dm	0	0:radar:sw_ps-37a 1:rwr:swd_app_27
saab_ajs37		1	1	0	sw_ps-37a	radar_dm	0	0:radar:sw_ps-37a 1:rwr:swd_app_27
saab_ajs37_early		1	1	0	sw_ps-37a	radar_dm	0	0:radar:sw_ps-37a 1:rwr:swd_app_27
saab_f35_wdns		1	0				0	0:ir:us_an_alr_69
saab_j32b	1	1	2	0	sw_ps-42_search	radar_dm	0	0:radar:sw_ps-42_search 1:radar:sw_ps-42_track
saab_j35a		1	1	0	sw_ps-03	radar_dm	0	0:radar:sw_ps-03
saab_j35d	1	1	1	0	sw_ps-03	radar_dm	0	0:radar:sw_ps-03
saab_j35xs	1	1	1	0	sw_ps-011a_71h_ir	radar_dm	0	0:radar:sw_ps-011a_71h_ir
saab_ja37		1	1	0	sw_ps-46a	radar_dm	0	0:radar:sw_ps-46a 1:rwr:swd_app_73
saab_ja37d		1	1	0	sw_ps-46a	radar_dm	0	0:radar:sw_ps-46a 1:rwr:swd_app_73
saab_ja37di		1	1	0	sw_ps-46a	radar_dm	0	0:radar:sw_ps-46a 1:rwr:swd_app_73
saab_ja37di_f21		1	1	0	sw_ps-46a	radar_dm	0	0:radar:sw_ps-46a 1:rwr:swd_app_73
saab_jas39a	1	1	1	0	sw_ps_05a	radar_dm	0	0:radar:sw_ps_05a 1:ir:swd_ar830 2:ir:ir_tracker_tgp 3:ir:laserdesignatorsensor
saab_jas39c	1	1	1	0	sw_ps_05a	radar_dm	0	0:radar:sw_ps_05a 1:ir:swd_bow_21 2:ir:ir_tracker_tgp 3:ir:laserdesignatorsensor
saab_jas39c_hungary	1	1	1	0	sw_ps_05a	radar_dm	0	0:radar:sw_ps_05a 1:ir:swd_bow_21 2:ir:ir_tracker_tgp 3:ir:laserdesignatorsensor
saab_jas39c_south_africa	1	1	1	0	sw_ps_05a	radar_dm	0	0:radar:sw_ps_05a 1:ir:swd_bow_21 2:ir:ir_tracker_tgp 3:ir:laserdesignatorsensor
saab_jas39c_south_africa_missile_test	1	1	1	0	sw_ps_05a	radar_dm	0	0:radar:sw_ps_05a 1:ir:swd_bow_21 2:ir:ir_tracker_tgp 3:ir:laserdesignatorsensor
saab_jas39c_thailand	1	1	1	0	sw_ps_05a	radar_dm	0	0:radar:sw_ps_05a 1:ir:swd_bow_21 2:ir:ir_tracker_tgp 3:ir:laserdesignatorsensor
saab_jas39d	1	1	1	0	sw_ps_05a	radar_dm	0	0:radar:sw_ps_05a 1:ir:swd_bow_21 2:ir:ir_tracker_tgp 3:ir:laserdesignatorsensor
saab_jas39e	1	1	1	0	sw_es_05	radar_dm	0	0:radar:sw_es_05 1:ir:swd_bow_21 2:ir:il_paws_2 3:ir:laserdesignatorsensor
scimitar_f1		1	1	0	us_an_apg_30	radar_dm	0	0:radar:us_an_apg_30
sea_harrier_fa2	1	1	1	0	uk_ferranti_blue_vixen	radar_dm	0	0:radar:uk_ferranti_blue_vixen 1:rwr:uk_ari_18228_19
sea_venom_faw20		1	1	0	us_mk_x	radar_dm	0	0:radar:us_mk_x
so_4050_vautour_2n	1	1	1	0	fr_drac_25	radar_dm	0	0:radar:fr_drac_25
so_4050_vautour_2n_iaf	1	1	1	0	fr_drac_25	radar_dm	0	0:radar:fr_drac_25
so_4050_vautour_2n_late	1	1	1	0	fr_drac_32a	radar_dm	0	0:radar:fr_drac_32a
su_17m2		1	1	0	su_srd-5	radar_dm	1	0:radar:su_srd-5 1:ir:su_spo-10 2:ir:laserdesignatorsensor
su_17m4		1	1	0	su_srd-5	radar_dm	1	0:radar:su_srd-5 1:ir:su_spo-15lm 2:ir:laserdesignatorsensor
su_17m4_china_killstreak		1	1	0	su_srd-5	radar_dm	1	0:radar:su_srd-5 1:ir:su_spo-15lm 2:ir:laserdesignatorsensor
su_17m4_killstreak		1	1	0	su_srd-5	radar_dm	1	0:radar:su_srd-5 1:ir:su_spo-15lm 2:ir:laserdesignatorsensor
su_22m3		1	1	0	su_srd-5	radar_dm	1	0:radar:su_srd-5 1:ir:su_spo-15lm 2:ir:laserdesignatorsensor
su_22m3_hungary		1	1	0	su_srd-5	radar_dm	1	0:radar:su_srd-5 1:ir:su_spo-15lm 2:ir:laserdesignatorsensor
su_22m4		1	1	0	su_srd-5	radar_dm	1	0:radar:su_srd-5 1:ir:su_spo-15lm 2:ir:laserdesignatorsensor
su_22m4_de_wtd61		1	1	0	su_srd-5	radar_dm	1	0:radar:su_srd-5 1:ir:su_spo-15lm 2:ir:laserdesignatorsensor
su_22um3k		1	1	0	su_srd-5	radar_dm	1	0:radar:su_srd-5 1:ir:su_spo-15lm 2:ir:laserdesignatorsensor
su_24m		1	1	0	su_orion	radar_dm	1	0:radar:su_orion 1:ir:tv_tracker_tgp 2:ir:su_spo-15s 3:ir:laserdesignatorsensor
su_24m_china_killstreak		1	1	0	su_orion	radar_dm	1	0:radar:su_orion 1:ir:tv_tracker_tgp 2:ir:su_spo-15s 3:ir:laserdesignatorsensor
su_24m_killstreak		1	1	0	su_orion	radar_dm	1	0:radar:su_orion 1:ir:tv_tracker_tgp 2:ir:su_spo-15s 3:ir:laserdesignatorsensor
su_25			0				1	0:ir:su_spo-15lm 1:ir:laserdesignatorsensor
su_25_558arz			0				1	0:ir:su_spo-15lm 1:ir:laserdesignatorsensor
su_25k			0				1	0:ir:su_spo-15lm 1:ir:laserdesignatorsensor
su_25sm3			0				2	0:radar:su_spo_150_esm 1:ir:su_spo-150-16m 2:ir:ir_tracker 3:ir:laserdesignatorsensor
su_25t		1	0				2	0:radar:su_spo_150_esm 1:ir:tv_tracker_tgp 2:ir:su_spo-150 3:ir:laserbeamridingsensor 4:ir:laserdesignatorsensor
su_25tm		1	0				2	0:radar:su_spo_150_esm 1:ir:tv_tracker_tgp 2:ir:su_spo-150 3:ir:laserbeamridingsensor 4:ir:laserdesignatorsensor
su_27	1	1	1	0	su_n_001	radar_dm	1	0:radar:su_n_001 1:ir:su_spo-15lm
su_27sm	1	1	1	0	su_n_001vep	radar_dm	2	0:radar:su_n_001vep 1:radar:su_spo_150_esm 2:ir:su_spo-150
su_30mk2v_venezuela	1	1	1	0	su_n_001vep	radar_dm	2	0:radar:su_n_001vep 1:radar:su_spo_150_esm 2:ir:su_spo-150-14 3:ir:laserdesignatorsensor
su_30mkk	1	1	1	0	su_n_001ve	radar_dm	2	0:radar:su_n_001ve 1:radar:su_spo_150_esm 2:ir:su_spo-150-14 3:ir:laserdesignatorsensor
su_30mkm	1	1	1	0	su_n_011m	radar_dm	2	0:radar:su_n_011m 1:radar:su_spo_150_esm 2:ir:su_spo-150-30 3:ir:laserdesignatorsensor 4:ir:us_an_aar_57_maw_300 5:ir:us_lws_310
su_30sm	1	1	1	0	su_n_011r	radar_dm	2	0:radar:su_n_011r 1:radar:su_spo_150_esm 2:ir:su_spo-150-30sm 3:ir:laserdesignatorsensor
su_30sm2	1	1	1	0	su_n_035e	radar_dm	2	0:radar:su_n_035e 1:radar:su_spo_150_esm 2:ir:su_spo-150-30m 3:ir:laserdesignatorsensor
su_33	1	1	1	0	su_n_001k	radar_dm	1	0:radar:su_n_001k 1:ir:su_spo-150
su_34	1	1	1	0	su_v_004	radar_dm	2	0:radar:su_v_004 1:radar:su_spo_150_esm 2:ir:tv_tracker_tgp_platan 3:ir:su_spo-150-30m1 4:ir:laserdesignatorsensor
su-7b		1	1	0	su_srd-5	radar_dm	1	0:radar:su_srd-5 1:ir:su_spo-2
su-7bkl		1	1	0	su_srd-5	radar_dm	1	0:radar:su_srd-5 1:ir:su_spo-2
su-7bkl_china_killstreak		1	1	0	su_srd-5	radar_dm	1	0:radar:su_srd-5 1:ir:su_spo-2
su-7bkl_killstreak		1	1	0	su_srd-5	radar_dm	1	0:radar:su_srd-5 1:ir:su_spo-2
su-7bmk		1	1	0	su_srd-5	radar_dm	1	0:radar:su_srd-5 1:ir:su_spo-2
super_etendard_97	1	1	1	0	fr_anemone	radar_dm	0	0:radar:fr_anemone 1:ir:tv_tracker_tgp 2:ir:fr_sherloc 3:ir:laserdesignatorsensor
super_hind_mk3			0				0	0:ir:ir_tracker 1:ir:laserbeamridingsensor 2:ir:sa_d_36
swift_f1		1	1	0	uk_ari_5857	radar_dm	0	0:radar:uk_ari_5857
swift_f7		1	1	0	us_an_apg_30	radar_dm	0	0:radar:us_an_apg_30
t_129_atak		1	0				0	0:ir:ir_tracker 1:ir:us_flir 2:ir:us_an_aar_60 3:ir:it_ralm-101 4:ir:laserbeamridingsensor
t2	1	1	1	0	jp_awg_11	radar_dm	0	0:radar:jp_awg_11
t2_early	1	1	1	0	jp_awg_11	radar_dm	0	0:radar:jp_awg_11
tiger_hac_france			0				0	0:ir:ir_tracker_360 1:ir:us_an_alr_400 2:ir:us_flir 3:ir:laserdesignatorsensor
tiger_had_block2_france			0				0	0:ir:ir_tracker 1:ir:us_an_alr_400 2:ir:us_flir
tiger_had_france			0				0	0:ir:ir_tracker_360 1:ir:us_an_alr_400 2:ir:us_flir
tiger_had_spain			0				0	0:ir:ir_tracker 1:ir:us_an_alr_400 2:ir:us_flir
tiger_hap_france			0				0	0:ir:ir_tracker 1:ir:us_an_alr_400
tiger_uht			0				0	0:ir:ir_tracker_360 1:ir:us_an_alr_400 2:ir:laserdesignatorsensor
tornado_adv	1	1	1	0	uk_marconi_ai_mk24_stage_2g	radar_dm	0	0:radar:uk_marconi_ai_mk24_stage_2g 1:ir:uk_ari_18241_1
tornado_f3	1	1	1	0	uk_marconi_ai_mk24_stage_2g	radar_dm	0	0:radar:uk_marconi_ai_mk24_stage_2g 1:ir:uk_ari_18241_1
tornado_f3_late	1	1	1	0	uk_marconi_ai_mk24_stage_3g	radar_dm	0	0:radar:uk_marconi_ai_mk24_stage_3g 1:ir:uk_ari_18241_1
tornado_gr1		1	1	0	uk_ari_23274_ids	radar_dm	0	0:radar:uk_ari_23274_ids 1:ir:laserdesignatorsensor 2:ir:ir_tracker_tgp 3:ir:uk_ari_23284
tornado_gr4		1	1	0	uk_ari_23274_ids	radar_dm	1	0:radar:uk_ari_23274_ids 1:radar:uk_alarm_esm 2:ir:laserdesignatorsensor 3:ir:laserbeamridingsensor 4:ir:ir_tracker_tgp 5:ir:uk_ari_23284
tornado_ids_de_assta1		1	1	0	uk_ari_23274_ids	radar_dm	0	0:radar:uk_ari_23274_ids 1:ir:laserdesignatorsensor 2:ir:ir_tracker_tgp 3:ir:uk_ari_23284
tornado_ids_de_assta1_britain_killstreak		1	1	0	uk_ari_23274_ids	radar_dm	0	0:radar:uk_ari_23274_ids 1:ir:laserdesignatorsensor 2:ir:ir_tracker_tgp 3:ir:uk_ari_23284
tornado_ids_de_assta1_france_killstreak		1	1	0	uk_ari_23274_ids	radar_dm	0	0:radar:uk_ari_23274_ids 1:ir:laserdesignatorsensor 2:ir:ir_tracker_tgp 3:ir:uk_ari_23284
tornado_ids_de_assta1_italy_killstreak		1	1	0	uk_ari_23274_ids	radar_dm	0	0:radar:uk_ari_23274_ids 1:ir:laserdesignatorsensor 2:ir:ir_tracker_tgp 3:ir:uk_ari_23284
tornado_ids_de_assta1_killstreak		1	1	0	uk_ari_23274_ids	radar_dm	0	0:radar:uk_ari_23274_ids 1:ir:laserdesignatorsensor 2:ir:ir_tracker_tgp 3:ir:uk_ari_23284
tornado_ids_de_assta1_sweden_killstreak		1	1	0	uk_ari_23274_ids	radar_dm	0	0:radar:uk_ari_23274_ids 1:ir:laserdesignatorsensor 2:ir:ir_tracker_tgp 3:ir:uk_ari_23284
tornado_ids_de_assta3_sle		1	1	0	uk_ari_23274_ids	radar_dm	1	0:radar:uk_ari_23274_ids 1:radar:us_harm_c_esm 2:ir:laserdesignatorsensor 3:ir:laserbeamridingsensor 4:ir:ir_tracker_tgp 5:ir:swd_bow_21
tornado_ids_de_mfg		1	1	0	uk_ari_23274_ids	radar_dm	0	0:radar:uk_ari_23274_ids 1:ir:uk_ari_23284
tornado_ids_de_wtd61		1	1	0	uk_ari_23274_ids	radar_dm	0	0:radar:uk_ari_23274_ids 1:ir:uk_ari_23284
tornado_ids_it		1	1	0	uk_ari_23274_ids	radar_dm	0	0:radar:uk_ari_23274_ids 1:ir:uk_ari_23284
tornado_ids_it_mod95		1	1	0	uk_ari_23274_ids	radar_dm	0	0:radar:uk_ari_23274_ids 1:ir:laserdesignatorsensor 2:ir:ir_tracker_tgp 3:ir:uk_ari_23284
tornado_ids_it_mod95_killstreak		1	1	0	uk_ari_23274_ids	radar_dm	0	0:radar:uk_ari_23274_ids 1:ir:laserdesignatorsensor 2:ir:ir_tracker_tgp 3:ir:uk_ari_23284
tornado_ids_it_ret8		1	1	0	uk_ari_23274_ids	radar_dm	1	0:radar:uk_ari_23274_ids 1:radar:us_harm_a_esm 2:ir:laserdesignatorsensor 3:ir:ir_tracker_tgp 4:ir:uk_ari_23284
tu_95m			0				1	0:ir:su_spo-2
tu-1		1	0				0	0:ir:su_gneys_5s
uav_inf_recon_drone			0				0	0:ir:ir_tracker_tgp
uav_inf_strike_drone			0				0	0:ir:ir_tracker_tgp
uav_quadcopter		1	0				0	0:ir:ir_tracker_360
uav_recon_drone		1	0				0	0:ir:ir_tracker_360
ucav_mq_1_predator		1	0				0	0:ir:ir_tracker_tgp 1:ir:laserdesignatorsensor
ucav_mq_1_predator_france_killstreak		1	0				0	0:ir:ir_tracker_tgp 1:ir:laserdesignatorsensor
ucav_mq_1_predator_germany_killstreak		1	0				0	0:ir:ir_tracker_tgp 1:ir:laserdesignatorsensor
ucav_mq_1_predator_iaf_killstreak		1	0				0	0:ir:ir_tracker_tgp 1:ir:laserdesignatorsensor
ucav_mq_1_predator_italy_killstreak		1	0				0	0:ir:ir_tracker_tgp 1:ir:laserdesignatorsensor
ucav_mq_1_predator_japan_killstreak		1	0				0	0:ir:ir_tracker_tgp 1:ir:laserdesignatorsensor
ucav_mq_1_predator_sweden_killstreak		1	0				0	0:ir:ir_tracker_tgp 1:ir:laserdesignatorsensor
ucav_mq_1_predator_uk_killstreak		1	0				0	0:ir:ir_tracker_tgp 1:ir:laserdesignatorsensor
ucav_mq_1_predator_usa_killstreak		1	0				0	0:ir:ir_tracker_tgp 1:ir:laserdesignatorsensor
ucav_orion		1	0				0	0:ir:ir_tracker_tgp 1:ir:laserdesignatorsensor 2:ir:laserbeamridingsensor
ucav_orion_killstreak		1	0				0	0:ir:ir_tracker_tgp 1:ir:laserdesignatorsensor 2:ir:laserbeamridingsensor
ucav_wing_loong_i		1	0				0	0:ir:ir_tracker_tgp 1:ir:laserdesignatorsensor
ucav_wing_loong_i_killstreak		1	0				0	0:ir:ir_tracker_tgp 1:ir:laserdesignatorsensor
yah_64		1	0				1	0:ir:ir_tracker 1:ir:us_an_apr_39a_v1 2:ir:us_flir
yak_141		1	1	0	su_n_010	radar_dm	1	0:radar:su_n_010 1:ir:su_spo-15lm
yak-28b			0				1	0:ir:su_spo-2
yak-38			0				1	0:ir:su_spo-10
yak-38m			0				1	0:ir:su_spo-10
z_10			0				1	0:ir:ir_tracker 1:ir:cn_helicopter_z_late_rwr 2:ir:us_flir 3:ir:cn_helicopter_z_lws
z_10a			0				1	0:ir:ir_tracker 1:ir:cn_helicopter_z_late_rwr 2:ir:us_flir 3:ir:cn_helicopter_z_lws
z_10me		1	1	0	cn_z10_fcr	radar_dm	1	0:radar:cn_z10_fcr 1:ir:ir_tracker 2:ir:cn_helicopter_z_late_rwr 3:ir:us_flir 4:ir:cn_helicopter_z_lws
z_19	1	1	1	0	cn_rn_01_ii	radar_dm	1	0:radar:cn_rn_01_ii 1:ir:ir_tracker 2:ir:cn_helicopter_z_late_rwr 3:ir:us_flir 4:ir:cn_helicopter_z_lws
z_19e			0				1	0:ir:ir_tracker 1:ir:cn_helicopter_z_late_rwr 2:ir:us_flir 3:ir:cn_helicopter_z_lws
z_9w		1	0				1	0:ir:cn_helicopter_z_rwr
z_9wa		1	0				1	0:ir:ir_tracker 1:ir:cn_helicopter_z_rwr 2:ir:cn_helicopter_z_lws 3:ir:cn_helicopter_z_mlws 4:ir:laserdesignatorsensor
